{
	"BACK_BUTTON_TEXT": "BACK",
	"LOGIN_ERROR": "Tidak bisa login Silakan periksa akun Anda dan coba lagi.",
	"LOGIN_SUCCESS": "telah berhasil",
	"PASSWORD_WRONG": "Kata sandi salah",
	"PLS_CORRECT_PASSWORD": "Harap masukkan kata sandi yang benar",
	"REENTER": "Masuk kembali",
	"SIGNUP": "Daftar",
	"SIGNUP_ASKS": "Kami menemukan bahwa Anda belum menjadi anggota, pendaftaran mungkin lebih konsesi, apakah Anda ingin bergabung dengan keanggotaan??",
	"DONT_SIGNUP": "Jangan bergabung",
	"SIGNUP_NO_INFO": "Pendaftaran, tapi jangan isi informasinya",
	"TR_USERINFO_NOARC_TITLE": "ARC belum diunggah",
	"TR_USERINFO_NOARC_MESSAGE": "Terapkan untuk pengiriman uang memerlukan dokumen ARC agar bisa mengirim uang dengan lancar, silakan upload foto ARC Anda, kami akan segera membuka sesegera mungkin setelah meninjau remitansi Anda.",
	"CANCEL": "Batal",
	"FILLIN_BUTTON": "Isi",
	"USER_PROMO_SHARE_MSG": "Aplikasi IinTW adalah penolong yang baik bagi orang-orang Asia Tenggara untuk mengintegrasikan fungsi yang mereka butuhkan untuk tinggal di Taiwan dan menyediakan fungsi seperti kartu panggil Taiwan, pengiriman uang internasional, transportasi internasional, keuangan mikro dan belanja online! Selamat datang untuk mengklik link atau scan link untuk mendownload!",
	"SUCCESSED": "Sukses!",
	"FAILED": "Gagal",
	"SIGNUP_ERROR": "Tidak dapat membuat akun Harap periksa informasi akun Anda dan coba lagi.",
	"PLS_WAITING": "Tolong tunggu ...",
	"LOOK": "Lihat",
	"GAIN_COUBON_20": "Dapatkan diskon 20 yuan",
	"GAIN_COUBON_20_DETAIL": "Selamat atas pendaftaran Anda, jika Anda mengisi informasi dasar, Anda bisa mendapatkan diskon 30 yuan! Bolehkah saya bertanya sekarang apakah mau masuk \"dompet\" melihatnya?",
	"GAIN_COUBON_30": "Dapatkan diskon 30 yuan",
	"GAIN_COUBON_30_DETAIL": "Terima kasih atas kerja keras Anda untuk mengisi informasi, Anda mendapatkan 30 yuan emas ekstra!",
	"GAIN_COUBON_50": "Diskon 50 yuan",
	"GAIN_COUBON_50_DETAIL": "Selamat atas pendaftaran Anda, selama anggota baru memenuhi syarat untuk diskon 50 yuan, permisi apakah saya akan memasukkan \"e-wallet\" untuk melihatnya?",
	"CHOOSE_PICTURE_SOURCE": "",
	"GALLERY": "Album",
	"CAMERA": "Ambil foto",
	"SENDING": "Kirim keluar",
	"APPLY_SUCCESSED": "Terapkan berhasil!",
	"TR_USERINFO_REVIEW_TITLE": "Menunggu tinjauan ARC",
	"TR_USERINFO_REVIEW_MESSAGE": "Pertama kali Anda menggunakan fungsi pengiriman uang, agar berhasil mengirimkan uang, kami akan meninjau dan mengkonfirmasi informasi Anda benar dan kemudian terbuka untuk Anda kirimkan.",
	"OK": "",
	"UPLOAD": "Upload",
	"NO_RECEIVER_DATA": "",
	"TRANSMIT_CHOOSE_RECEIVER": "",
	"OK_BUTTON": "Konfirmasi",
	"WARNING": "Peringatan",
	"PLS_SIGN": "Silahkan masuk!",
	"PLS_UPLOAD_ARC": "Silahkan upload ARC ID",
	"SUCCESS_RECEIPT_UPLOADED": "Telah berhasil mengunggah tanda terima!",
	"ERROR": "Salah",
	"NETWORK_ERROR_MESSAGE": "Kesalahan jaringan, periksa apakah ada jaringan nirkabel.",
	"NOT_MEMBER": "Bukan anggota",
	"NOT_MEMBER_ASKS": "Anda bukan anggota dan tidak dapat menggunakan fungsi ini. Apakah Anda ingin bergabung dengan anggota??",
	"NO_BANK_DATA": "",
	"LOAN_CHOOSE_BANK": "",
	"CARDS_TITLE": "Sosial",
	"ITEM_CREATE_TITLE": "",
	"CANCEL_BUTTON": "Batal",
	"DONE_BUTTON": "Lengkap",
	"ITEM_CREATE_CHOOSE_IMAGE": "",
	"ITEM_NAME_PLACEHOLDER": "",
	"ITEM_ABOUT_PLACEHOLDER": "",
	"LIST_MASTER_TITLE": "",
	"DELETE_BUTTON": "Hapus",
	"LOGIN_TITLE": "Login",
	"PHONE_NUMBER": "Nomor telepon",
	"PLS_ENTER_VALID_PHONENUM": "Harap masukkan nomor telepon yang benar",
	"USERNAME": "Nomor rekening",
	"PASSWORD": "Kata sandi",
	"AUTHENTICATING": "Verifikasi",
	"LOGIN_BUTTON": "Login",
	"SEARCH_TITLE": "Cari",
	"SEARCH_PLACEHOLDER": "Cari ...",
	"SERVICES": "Item layanan",
	"TRANSMIT_SERVICE": "Pengiriman uang internasional",
	"LOAN_SERVICE": "Layanan pinjaman",
	"TELE_SERVICE": "Aplikasi telekomunikasi",
	"FREIGHT": "Pengiriman barang",
	"SHOPPING_SERVICE": "Produk preferensial",
	"ELSE": "Lainnya",
	"BELONG_SUPPLIER_PAGE": "Produsen mereka",
	"CONTACT__TITLE": "Hubungi kami",
	"CONTACT_FIRST_MSG": "Halo, apa yang bisa saya lakukan untuk Anda?",
	"CONTACT_TYPE_MSG": "Harap masukkan pesan ...",
	"下線清單": "",
	"無下線": "",
	"MY_INFO_PAGE": "Informasi saya",
	"REGISTER_DATE": "Tanggal pendaftaran",
	"ARC_HAS_AUDIT": "ARC Audit Verified",
	"PHONE": "Nomor telepon",
	"NAME": "Nama",
	"GENDER": "Seks",
	"BIRTHDAY": "Ulang tahun",
	"NATIONALITY": "",
	"CONTACT_ADDRESS": "Alamat kontak",
	"ARC_NO": "Nomor ARC",
	"ARC_Date_of_Expiry": "ARC tanggal efektif",
	"INTRODUCER_COMPANY": "Memperkenalkan perusahaan",
	"ARC_IMAGE": "Foto ARC",
	"HAND_SIGN_IMG": "Handwriting Picture",
	"INVITE_FRIENDS": "Undang teman",
	"SHARE": "Bagikan",
	"sharetest": "",
	"SHARE OPT": "",
	"SETTINGS_TITLE": "Set",
	"MY_WALLET_PAGE": "Dompet elektronik",
	"TRANSMIT_SET_RECEIVERS_PAGE": "",
	"LOGOUT": "",
	"NOTIFICATIONS_TOGGLE": "Dorong pengumumannya",
	"匯款資料": "",
	"SETTINGS_OPTION2": "Opsi 2",
	"SETTINGS_OPTION3": "Opsi 3",
	"SETTINGS_PROFILE_BUTTON": "Edit informasi",
	"SETTINGS_OPTION4": "Opsi 4",
	"TRANSMIT_ADD_RECEIVERS_PAGE": "",
	"TRANSMIT_MONEY_REICEIVER": "Nama penerima pembayaran",
	"TRANSMIT_MONEY_REICEIVER_PHONE": "Telepon Penerima Pembayaran",
	"TRANSMIT_MONEY_REICEIVER_ADDRESS": "Alamat penerima pembayaran",
	"TRANSMIT_MONEY_TARGET_BANK": "Bank penerima",
	"SWIFT CODE": "",
	"TRANSMIT_MONEY_TARGET_BANK_ACCOUNT": "Rekening bank penerima",
	"SUBMIT": "Konfirmasi dikirim",
	"WALLET_PAGE": "Dompet saya",
	"WELCOME_INTRO": "",
	"WALLET_HISTORY": "Catatan dompet virtual",
	"REGISTER_MEMBER_COUBON": "Diskon registrasi anggota baru",
	"QUICKMEMBER_FILLIN_INFODATA": "Informasi lengkap Isi penawaran",
	"FAST_REGISTER_MEMBER_COUBON": "Diskon registrasi cepat",
	"TRANSMIT_RATES_CALC": "Uji coba nilai tukar",
	"TRANSMIT_APPLY": "Terapkan untuk pengiriman uang",
	"UPDATE_PASSWORD": "Ganti password",
	"Female": "Perempuan",
	"Male": "Laki-laki",
	"ARC Upload": "",
	"ARC Update": "",
	"HAND_SIGN_UPLOAD": "",
	"HAND_SIGN_UPDATE": "",
	"SIGNUP_BUTTON": "Daftar",
	"UPDATE_BUTTON": "Diperbarui",
	"TRANSMIT_CHECK_APPLY_INFO": "membuktikan informasi pengiriman uang",
	"TRANSMIT_MONEY_TOTAL_AMOUNT": "Jumlah jatuh tempo",
	"TRANSMIT_MONEY_AMOUNT": "Ganti uang",
	"TRANSMIT_MONEY_TARGET_AMOUNT": "Mata uang ekspor",
	"TRANSMIT_MONEY_FEE": "Biaya pengiriman uang",
	"TRANSMIT_MONEY_APPLICANT": "Nama pengirim",
	"TRANSMIT_MONEY_TARGET_BANKID": "Kode bank penerima",
	"USERINFO_NO_FILL_TITLE": "",
	"USERINFO_NO_FILL_MESSAGE": "",
	"PLS_FILLIN_CORRECTLY": "Silahkan isi dengan benar",
	"TRANSMIT_MONEY_TARGET_COIN": "",
	"TRANSMIT_MONEY_APPLICANT_COUNTRY": "Kewarganegaraan pemohon",
	"TRANSMIT_MONEY_APPLICANT_PHONE": "Telepon pemohon",
	"指定收款方式": "",
	"PLS_UPLOAD": "Silahkan upload",
	"TRANSMIT_STORE_PAY": "Pembayaran bisnis super",
	"Rmittance vendor do not have payment Code, pls contact us": "",
	"WAITING_AUDIT_MSG": "Menunggu remittance information review",
	"BARCODE_NOTWORK_TIPS_1": "Tolong bantu staf memasukkan pembayaran kode bar secara manual.",
	"BARCODE_NOTWORK_TIPS_2": "Silahkan hubungi customer hotline kami:",
	"BARCODE_NOTWORK_TIPS_3": "Silahkan masuk ke ATM dan pilih \"Transfer Service\" lalu pilih \"Transfer to Book\" atau \"Interbank Transfer\" dan kemudian \"Select Non-Convention Account\". Selanjutnya, masukkan jumlah dan \"Nomor Rekening\". Akun sebagai berikut:",
	"BARCODE_NOTWORK": "Kode bar tidak dapat dipindai?",
	"TRNASMITS_HISTORY_DETAIL": "Rincian pengiriman uang",
	"APPLY_DATE": "Waktu aplikasi",
	"交易手續費": "",
	"額外手續費": "",
	"TRANSMIT_HAVE_BEEN_PAID": "Apakah suchh membayar",
	"TRANSMIT_STATUS": "Status pengiriman uang",
	"DETAILS": "Rincian pengiriman uang：",
	"TRANSMIT_PAYMENT_BARCODE": "Buat barcode pembayaran",
	"TRNASMITS_HISTORY": "Catatan aplikasi",
	"TRANSMIT_RATES": "Nilai tukar",
	"TRANSMIT_APPLY_NOW": "Terapkan untuk pengiriman uang sekarang juga",
	"SIGNATURE": "Tanda tangan",
	"PLS_TOUCH_TO_SIGN": "Harap gunakan tanda tangan sentuh",
	"CLEAR_BUTTON": "Jelas",
	"NEXT_BUTTON": "Langkah selanjutnya",
	"TRANSMIT_SUPPLIER": "Informasi produsen",
	"TRANSMIT_PROCEDURE": "Proses pengiriman uang",
	"TRANSMIT_SUPPLIER_LIST": "Daftar vendor pengiriman uang",
	"TUTORIAL_SKIP_BUTTON": "",
	"TUTORIAL_SLIDE4_TITLE": "",
	"TUTORIAL_CONTINUE_BUTTON": "",
	"WELCOME_CHOOSE_LANG": "Silahkan pilih bahasa",
	"請輸入手機號碼": "",
	"LOGIN": "Login",
	"LOAN_CHECK_APPLY_INFO": "",
	"LOAN_MONEY_AMOUNT": "",
	"LOAN_PROGRAM": "",
	"APPLICANT": "",
	"APPLICANT_COUNTRY": "",
	"APPLICANT_PHONE": "",
	"LOAN_MONEY_APPLICANT": "",
	"LOAN_UPLOAD_HALFIMG": "",
	"手持證件半身照 Upload": "",
	"手持證件半身照 Update": "",
	"LOAN_APPLY": "",
	"LOAN_BANK": "",
	"LOAN_BANKID": "",
	"LOAN_BANKID_BRANCH": "",
	"LOAN_BANK_ACCOUNT": "",
	"LOAN_BANK_ACCOUNT_NAME": "",
	"Passport_Upload": "",
	"Passport_Update": "",
	"Half_Picture_Upload": "",
	"Half_Picture_Update": "",
	"LOAN_HISTORY_DETAIL": "",
	"LOAN_MONEY_APPLICANT_COUNTRY": "",
	"LOAN_MONEY_APPLICANT_PHONE": "",
	"LOAN_HAVE_BEEN_PAID": "",
	"LOAN_STATUS": "",
	"還款": "",
	"還款狀態": "",
	"LOAN_REPAYMENT_DETAIL": "",
	"LOAN_HISTORY": "",
	"LOAN_VENDOR": "",
	"貸款利率表": "",
	"LOAN_PROCEDURE": "",
	"LOAN_RATES_CALC": "",
	"門號開通": "",
	"選擇電信業者": "",
	"選擇開通門號": "",
	"Passport Number": "",
	"可開通門號": "",
	"資格審查": "",
	"申請人名稱": "",
	"Passport Upload": "",
	"Passport Update": "",
	"電信開通清單": "",
	"TRANSMIT_UPLOADED_RECEIPT": "Uploaded Payment Receipt",
	"WAITTING_AUDIT": "Waiting for review",
	"HAS_AUDIT": "Approved",
	"UPDATE_MEMBER_INFO": "Ubah informasi keanggotaan",
	"TRANSMIT_STATUS_CHECKING": "Sedang dalam peninjauan",
	"TRANSMIT_STATUS_WAIT_PAYMENT": "Menunggu pembayaran remitter",
	"TRANSMIT_STATUS_PROCESSING": "Pemrosesan pengiriman uang",
	"TRANSMIT_STATUS_COMPLETE": "Remitansi selesai",
	"TRANSMIT_REUPLOAD_RECEIPT": "Kembalikan tanda terima pembayaran ulang",
	"TRANSMIT_UPLOAD_RECEIPT": "Upload bukti pembayaran",
	"TRANSMIT_STATUS_NO_PAYMENT": "Belum dibayar",
	"TRANSMIT_HAVE_BEEN_PAID_YES": "Telah membayar",
	"TRANSMIT_HAVE_BEEN_PAID_NO": "Tidak dibayar",
	"ARC_Upload": "Dokumen ARC diunggah",
	"TRNASMITS_LIST": "Vendor pengiriman uang",
	"MY_INFO": "Setting saya",
	"Address": "Alamat",
	"Desc": "Pendahuluan",
	"Fax": "Panggilan faks",
	"Fee": "Biaya pengiriman uang",
	"Mail": "Surat",
	"Name": "Nama",
	"Tel": "Hubungi nomor telepon",
	"WebURL": "Situs web",
	"EMAIL": "E-mail",
	"SETTINGS_OPTION1": "Opsi 1",
	"SETTINGS_PAGE_PROFILE": "Edit informasi",
	"WELCOME_TITLE": "Selamat datang",
	"SIGNUP_TITLE": "Daftar",
	"Choose Picture Source": "Pilih sumber foto",
	"NATIONALITY ": "Kebangsaan"
}