{
	"BACK_BUTTON_TEXT": "Previous",
	"LOGIN_ERROR": "Unable login. Please check your account and try again.",
	"LOGIN_SUCCESS": "Login Success",
	"PASSWORD_WRONG": "Password Error",
	"PLS_CORRECT_PASSWORD": "Please enter the correct password",
	"REENTER": "Re-enter",
	"SIGNUP": "Registration",
	"SIGNUP_ASKS": "We found that you have not yet become a member, registration may be more concessions, do you want to join membership?",
	"DONT_SIGNUP": "Not join now",
	"SIGNUP_NO_INFO": "Registration, but not fill in the data now",
	"TR_USERINFO_NOARC_TITLE": "",
	"TR_USERINFO_NOARC_MESSAGE": "",
	"CANCEL": "Cancel",
	"FILLIN_BUTTON": "Fill in",
	"USER_PROMO_SHARE_MSG": "IinTW app is a good helper for Southeast Asian people to integrate the functions they need to live in Taiwan and provide functions such as SIM card, international remittance, international transportation, microfinance and online shopping! Welcome to click the link or scan link to download!",
	"SUCCESSED": "Success!",
	"FAILED": "Failed",
	"SIGNUP_ERROR": "Unable to create an account. Please check your account information and try again.",
	"PLS_WAITING": "Please Waiting ...",
	"LOOK": "Check Out",
	"GAIN_COUBON_20": "Get NT$20 Bonus",
	"GAIN_COUBON_20_DETAIL": "Congratulations on your registration, you will get NT$ 30 bonus after fill out the basic information! you can check out the bonus in e-wallet.",
	"GAIN_COUBON_30": "Get NT$ 30 Bonus",
	"GAIN_COUBON_30_DETAIL": "Thank you for complete informatoin, you got NT$30 bonus extra.",
	"GAIN_COUBON_50": "Get NT$50 Bonus",
	"GAIN_COUBON_50_DETAIL": "Congratulations on your registration, as long as the new members are eligible for NT$50 bonus, do you want to check out the e-wallet right now.",
	"CHOOSE_PICTURE_SOURCE": "",
	"GALLERY": "Album",
	"CAMERA": "Photograph",
	"SENDING": "Sending",
	"APPLY_SUCCESSED": "The application is successful",
	"TR_USERINFO_REVIEW_TITLE": "",
	"TR_USERINFO_REVIEW_MESSAGE": "",
	"OK": "",
	"UPLOAD": "",
	"NO_RECEIVER_DATA": "",
	"TRANSMIT_CHOOSE_RECEIVER": "",
	"OK_BUTTON": "Confirm",
	"WARNING": "Warning",
	"PLS_SIGN": "Please Signature!",
	"PLS_UPLOAD_ARC": "Please upload ARC",
	"SUCCESS_RECEIPT_UPLOADED": "Has successfully uploaded the receipt!",
	"ERROR": "Error!",
	"NETWORK_ERROR_MESSAGE": "",
	"NOT_MEMBER": "Non-members",
	"NOT_MEMBER_ASKS": "You are not an member so you can't use this function. Do you want to join member now ?",
	"NO_BANK_DATA": "",
	"LOAN_CHOOSE_BANK": "",
	"CARDS_TITLE": "Social",
	"ITEM_CREATE_TITLE": "",
	"CANCEL_BUTTON": "Cancel",
	"DONE_BUTTON": "complete",
	"ITEM_CREATE_CHOOSE_IMAGE": "",
	"ITEM_NAME_PLACEHOLDER": "",
	"ITEM_ABOUT_PLACEHOLDER": "",
	"LIST_MASTER_TITLE": "",
	"DELETE_BUTTON": "delete",
	"LOGIN_TITLE": "Login",
	"PHONE_NUMBER": "Mobile Phone Number",
	"PLS_ENTER_VALID_PHONENUM": "",
	"USERNAME": "ID",
	"PASSWORD": "Password",
	"AUTHENTICATING": "Verification",
	"LOGIN_BUTTON": "Login",
	"SEARCH_TITLE": "search",
	"SEARCH_PLACEHOLDER": "Search...",
	"SERVICES": "Service items",
	"TRANSMIT_SERVICE": "International Money Transfer",
	"LOAN_SERVICE": "Loan service",
	"TELE_SERVICE": "Telecom application",
	"FREIGHT": "Delivery of goods",
	"SHOPPING_SERVICE": "Preferential products",
	"ELSE": "other",
	"BELONG_SUPPLIER_PAGE": "Referrer",
	"CONTACT__TITLE": "",
	"CONTACT_FIRST_MSG": "",
	"CONTACT_TYPE_MSG": "",
	"下線清單": "",
	"無下線": "",
	"MY_INFO_PAGE": "MY Profiles",
	"REGISTER_DATE": "Registration date",
	"ARC_HAS_AUDIT": "ARC Audit has been Verified",
	"PHONE": "Mobile Phone Number",
	"NAME": "Name",
	"GENDER": "Gender",
	"BIRTHDAY": "Birthday",
	"NATIONALITY": "",
	"CONTACT_ADDRESS": "Contact Address",
	"ARC_NO": "ARC NO.",
	"ARC_Date_of_Expiry": "ARC Valid Date",
	"INTRODUCER_COMPANY": "Referrer",
	"ARC_IMAGE": "ARC Images",
	"HAND_SIGN_IMG": "Handwriting Picture",
	"INVITE_FRIENDS": "",
	"SHARE": "",
	"sharetest": "",
	"SHARE OPT": "",
	"SETTINGS_TITLE": "Setting",
	"MY_WALLET_PAGE": "Electronic wallet",
	"TRANSMIT_SET_RECEIVERS_PAGE": "",
	"LOGOUT": "",
	"NOTIFICATIONS_TOGGLE": "Push Notification",
	"匯款資料": "",
	"SETTINGS_OPTION2": "Option2",
	"SETTINGS_OPTION3": "Option3",
	"SETTINGS_PROFILE_BUTTON": "Edit Profile",
	"SETTINGS_OPTION4": "Option4",
	"TRANSMIT_ADD_RECEIVERS_PAGE": "",
	"TRANSMIT_MONEY_REICEIVER": "Payee",
	"TRANSMIT_MONEY_REICEIVER_PHONE": "Payee Phone",
	"TRANSMIT_MONEY_REICEIVER_ADDRESS": "Payee address",
	"TRANSMIT_MONEY_TARGET_BANK": "Beneficiary bank",
	"SWIFT CODE": "",
	"TRANSMIT_MONEY_TARGET_BANK_ACCOUNT": "Beneficiary bank account",
	"SUBMIT": "Submit",
	"WALLET_PAGE": "MY wallet",
	"WELCOME_INTRO": "",
	"WALLET_HISTORY": "Wallet account records",
	"REGISTER_MEMBER_COUBON": "New member register rewards",
	"QUICKMEMBER_FILLIN_INFODATA": "Fill in the complete information's rewards",
	"FAST_REGISTER_MEMBER_COUBON": "Quickly register rewards",
	"TRANSMIT_RATES_CALC": "Exchange rate trial",
	"TRANSMIT_APPLY": "Apply remittance",
	"UPDATE_PASSWORD": "",
	"Female": "Female",
	"Male": "Male",
	"ARC Upload": "",
	"ARC Update": "",
	"HAND_SIGN_UPLOAD": "",
	"HAND_SIGN_UPDATE": "",
	"SIGNUP_BUTTON": "Registration",
	"UPDATE_BUTTON": "Update",
	"TRANSMIT_CHECK_APPLY_INFO": "Check out remittance",
	"TRANSMIT_MONEY_TOTAL_AMOUNT": "Amount due",
	"TRANSMIT_MONEY_AMOUNT": "Exchange currency amount",
	"TRANSMIT_MONEY_TARGET_AMOUNT": "Export currency",
	"TRANSMIT_MONEY_FEE": "Remittance fee",
	"TRANSMIT_MONEY_APPLICANT": "Remitter",
	"TRANSMIT_MONEY_TARGET_BANKID": "Beneficiary bank code",
	"USERINFO_NO_FILL_TITLE": "",
	"USERINFO_NO_FILL_MESSAGE": "",
	"PLS_FILLIN_CORRECTLY": "Please fill in correctly",
	"TRANSMIT_MONEY_TARGET_COIN": "",
	"TRANSMIT_MONEY_APPLICANT_COUNTRY": "Applicant's nationality",
	"TRANSMIT_MONEY_APPLICANT_PHONE": "Applicant's phone no.",
	"指定收款方式": "",
	"PLS_UPLOAD": "Please Upload",
	"TRANSMIT_STORE_PAY": "Convenience store payment",
	"Rmittance vendor do not have payment Code, pls contact us": "",
	"WAITING_AUDIT_MSG": "",
	"BARCODE_NOTWORK_TIPS_1": "Please ask the staff to manually enter the bar code payment.",
	"BARCODE_NOTWORK_TIPS_2": "Please ask the help from us by TEL no:",
	"BARCODE_NOTWORK_TIPS_3": "Please use the ATM and choose 【Transfer Service】 then Select \"Transfer to book\" or \"Inter-bank transfer\" next  \"Select non-agreement account\" next Enter the amount and account number. Account information as follows:",
	"BARCODE_NOTWORK": "Barcode can’t be scanned?",
	"TRNASMITS_HISTORY_DETAIL": "Remittance details",
	"APPLY_DATE": "Date of Application",
	"交易手續費": "",
	"額外手續費": "",
	"TRANSMIT_HAVE_BEEN_PAID": "payment been made?",
	"TRANSMIT_STATUS": "Remittance status",
	"DETAILS": "Remittance details:",
	"TRANSMIT_PAYMENT_BARCODE": "Output payment barcode",
	"TRNASMITS_HISTORY": "Remittance record",
	"TRANSMIT_RATES": "Exchange rate",
	"TRANSMIT_APPLY_NOW": "Apply remittance now",
	"SIGNATURE": "signature",
	"PLS_TOUCH_TO_SIGN": "Please use the touch pad signature",
	"CLEAR_BUTTON": "Clear",
	"NEXT_BUTTON": "Next",
	"TRANSMIT_SUPPLIER": "Vendor Information",
	"TRANSMIT_PROCEDURE": "Remittance procedure",
	"TRANSMIT_SUPPLIER_LIST": "Remittance vendors list",
	"TUTORIAL_SKIP_BUTTON": "",
	"TUTORIAL_SLIDE4_TITLE": "",
	"TUTORIAL_CONTINUE_BUTTON": "",
	"WELCOME_CHOOSE_LANG": "Please select a language",
	"請輸入手機號碼": "",
	"LOGIN": "Login",
	"LOAN_CHECK_APPLY_INFO": "",
	"LOAN_MONEY_AMOUNT": "",
	"LOAN_PROGRAM": "",
	"APPLICANT": "",
	"APPLICANT_COUNTRY": "",
	"APPLICANT_PHONE": "",
	"LOAN_MONEY_APPLICANT": "",
	"LOAN_UPLOAD_HALFIMG": "",
	"手持證件半身照 Upload": "",
	"手持證件半身照 Update": "",
	"LOAN_APPLY": "",
	"LOAN_BANK": "",
	"LOAN_BANKID": "",
	"LOAN_BANKID_BRANCH": "",
	"LOAN_BANK_ACCOUNT": "",
	"LOAN_BANK_ACCOUNT_NAME": "",
	"Passport_Upload": "",
	"Passport_Update": "",
	"Half_Picture_Upload": "",
	"Half_Picture_Update": "",
	"LOAN_HISTORY_DETAIL": "",
	"LOAN_MONEY_APPLICANT_COUNTRY": "",
	"LOAN_MONEY_APPLICANT_PHONE": "",
	"LOAN_HAVE_BEEN_PAID": "",
	"LOAN_STATUS": "",
	"還款": "",
	"還款狀態": "",
	"LOAN_REPAYMENT_DETAIL": "",
	"LOAN_HISTORY": "",
	"LOAN_VENDOR": "",
	"貸款利率表": "",
	"LOAN_PROCEDURE": "",
	"LOAN_RATES_CALC": "",
	"門號開通": "",
	"選擇電信業者": "",
	"選擇開通門號": "",
	"Passport Number": "",
	"可開通門號": "",
	"資格審查": "",
	"申請人名稱": "",
	"Passport Upload": "",
	"Passport Update": "",
	"電信開通清單": "",
	"TRANSMIT_UPLOADED_RECEIPT": "Uploaded Payment Receipt",
	"WAITTING_AUDIT": "Waiting for review",
	"HAS_AUDIT": "Approved",
	"TRANSMIT_REUPLOAD_RECEIPT": "Re-upload payment receipt",
	"TRANSMIT_UPLOAD_RECEIPT": "Upload payment receipt",
	"TRANSMIT_STATUS_NO_PAYMENT": "Paid",
	"TRANSMIT_HAVE_BEEN_PAID_YES": "Paid",
	"TRANSMIT_HAVE_BEEN_PAID_NO": "Not paid",
	"ARC_Upload": "ARC Upload",
	"TRNASMITS_LIST": "Remittance vendors ",
	"MY_INFO": "MY Profiles",
	"Address": "Address",
	"Desc": "Description",
	"Fax": "Fax Number",
	"Fee": "Remittance fee",
	"Mail": "Mailbox",
	"Name": "Name",
	"Tel": "Tel",
	"WebURL": "Website",
	"EMAIL": "E-mail",
	"SETTINGS_OPTION1": "Option1",
	"SETTINGS_PAGE_PROFILE": "Edit Profile",
	"WELCOME_TITLE": "Welcome",
	"SIGNUP_TITLE": "Registration",
	"Choose Picture Source": "Select a photo source",
	"NATIONALITY ": "Nationality"
}