{
	"BACK_BUTTON_TEXT": "BACK",
	"LOGIN_ERROR": "ไม่สามารถล็อกอิน โปรดตรวจสอบบัญชีของคุณและลองอีกครั้ง",
	"LOGIN_SUCCESS": "เข้าสู่ระบบเรียบร้อยแล้ว",
	"PASSWORD_WRONG": "รหัสผ่านผิดพลาด",
	"PLS_CORRECT_PASSWORD": "โปรดป้อนรหัสผ่านที่ถูกต้อง",
	"REENTER": "เข้าใหม่",
	"SIGNUP": "การลงทะเบียน",
	"SIGNUP_ASKS": "เราพบว่าคุณยังไม่ได้เป็นสมาชิกการลงทะเบียนอาจเป็นสิทธิ์มากขึ้นคุณต้องการเข้าร่วมเป็นสมาชิกหรือไม่?",
	"DONT_SIGNUP": "ไม่เข้าร่วม",
	"SIGNUP_NO_INFO": "ลงทะเบียน แต่ไม่กรอกข้อมูล",
	"TR_USERINFO_NOARC_TITLE": "ยังไม่ได้อัปโหลด ARC",
	"TR_USERINFO_NOARC_MESSAGE": "กรุณาใช้เอกสาร ARC เพื่อส่งเงินอย่างราบรื่นโปรดอัปโหลดภาพถ่าย ARC ของคุณเราจะเปิดให้เร็วที่สุดเท่าที่จะเป็นไปได้หลังจากที่คุณได้ตรวจสอบการโอนเงินแล้ว",
	"CANCEL": "ยกเลิก",
	"FILLIN_BUTTON": "กรอกข้อมูล",
	"USER_PROMO_SHARE_MSG": "แอ็พพลิเคชัน IinTW เป็นผู้ช่วยที่ดีสำหรับคนในเอเชียตะวันออกเฉียงใต้ในการรวมฟังก์ชันที่พวกเขาต้องอาศัยอยู่ในไต้หวันและมีฟังก์ชันต่างๆเช่นบัตรโทรศัพท์ไต้หวันการโอนเงินระหว่างประเทศการขนส่งระหว่างประเทศการเงินรายย่อยและการซื้อสินค้าออนไลน์! ยินดีต้อนรับสู่คลิกลิงก์หรือสแกนเพื่อดาวน์โหลด!",
	"SUCCESSED": "ที่ประสบความสำเร็จ!",
	"FAILED": "ความล้มเหลว",
	"SIGNUP_ERROR": "ไม่สามารถสร้างบัญชี โปรดตรวจสอบข้อมูลบัญชีของคุณและลองอีกครั้ง",
	"PLS_WAITING": "โปรดรอสักครู่ ...",
	"LOOK": "ดู",
	"GAIN_COUBON_20": "รับส่วนลด 20 หยวน",
	"GAIN_COUBON_20_DETAIL": "ขอแสดงความยินดีกับการลงทะเบียนของคุณถ้าคุณกรอกข้อมูลพื้นฐานคุณจะได้รับส่วนลด 30 หยวน! ตอนนี้ฉันสามารถถามว่าจะเข้า \"กระเป๋าสตางค์\" ดูหรือไม่?",
	"GAIN_COUBON_30": "รับส่วนลด 30 หยวน",
	"GAIN_COUBON_30_DETAIL": "ขอบคุณสำหรับการทำงานหนักของคุณเพื่อกรอกข้อมูลคุณจะได้รับ 30 หยวนทองมากขึ้น!",
	"GAIN_COUBON_50": "รับส่วนลด 50 หยวน",
	"GAIN_COUBON_50_DETAIL": "ขอแสดงความยินดีกับการลงทะเบียนของคุณตราบเท่าที่สมาชิกใหม่มีสิทธิ์ได้รับส่วนลด 50 หยวนขออภัยฉันไม่ว่าจะเข้าไปดู \"กระเป๋าเงินอิเล็กทรอนิกส์\" หรือไม่?",
	"CHOOSE_PICTURE_SOURCE": "",
	"GALLERY": "อัลบัม",
	"CAMERA": "ถ่ายภาพ",
	"SENDING": "การส่ง",
	"APPLY_SUCCESSED": "สมัครเรียบร้อย!",
	"TR_USERINFO_REVIEW_TITLE": "กำลังรอการตรวจสอบ ARC",
	"TR_USERINFO_REVIEW_MESSAGE": "ครั้งแรกที่คุณใช้ฟังก์ชันการโอนเงินเพื่อที่จะสามารถส่งเงินได้สำเร็จเราจะตรวจสอบและยืนยันข้อมูลของคุณถูกต้องแล้วเปิดขึ้นเพื่อให้คุณสามารถโอนเงินได้ ",
	"OK": "",
	"UPLOAD": "อัปโหลด",
	"NO_RECEIVER_DATA": "",
	"TRANSMIT_CHOOSE_RECEIVER": "",
	"OK_BUTTON": "ยืนยัน",
	"WARNING": "การเตือน",
	"PLS_SIGN": "กรุณาลงชื่อ!",
	"PLS_UPLOAD_ARC": "โปรดอัปโหลดรหัส ARC",
	"SUCCESS_RECEIPT_UPLOADED": "อัปโหลดใบเสร็จเรียบร้อยแล้ว!",
	"ERROR": "ข้อผิดพลาด!",
	"NETWORK_ERROR_MESSAGE": "ข้อผิดพลาดของเครือข่ายโปรดตรวจสอบว่ามีเครือข่ายไร้สายหรือไม่",
	"NOT_MEMBER": "ที่ไม่เป็นสมาชิก",
	"NOT_MEMBER_ASKS": "คุณไม่ได้เป็นสมาชิกและไม่สามารถใช้ฟังก์ชันนี้ได้คุณต้องการเข้าร่วมเป็นสมาชิกหรือไม่?",
	"NO_BANK_DATA": "",
	"LOAN_CHOOSE_BANK": "",
	"CARDS_TITLE": "สังคม",
	"ITEM_CREATE_TITLE": "",
	"CANCEL_BUTTON": "ยกเลิก",
	"DONE_BUTTON": "สมบูรณ์",
	"ITEM_CREATE_CHOOSE_IMAGE": "",
	"ITEM_NAME_PLACEHOLDER": "",
	"ITEM_ABOUT_PLACEHOLDER": "",
	"LIST_MASTER_TITLE": "",
	"DELETE_BUTTON": "ที่ถูกลบ",
	"LOGIN_TITLE": "เข้าสู่ระบบ",
	"PHONE_NUMBER": "หมายเลขโทรศัพท์",
	"PLS_ENTER_VALID_PHONENUM": "โปรดป้อนหมายเลขโทรศัพท์ที่ถูกต้อง",
	"USERNAME": "หมายเลขบัญชี",
	"PASSWORD": "รหัสผ่าน",
	"AUTHENTICATING": "การตรวจสอบ",
	"LOGIN_BUTTON": "เข้าสู่ระบบ",
	"SEARCH_TITLE": "ค้นหา",
	"SEARCH_PLACEHOLDER": "ค้นหา...",
	"SERVICES": "รายการบริการ",
	"TRANSMIT_SERVICE": "การโอนเงินระหว่างประเทศ",
	"LOAN_SERVICE": "บริการสินเชื่อ",
	"TELE_SERVICE": "การประยุกต์ใช้ Telecom",
	"FREIGHT": "การจัดส่งสินค้า",
	"SHOPPING_SERVICE": "ผลิตภัณฑ์ที่ต้องการ",
	"ELSE": "อื่น ๆ",
	"BELONG_SUPPLIER_PAGE": "ผูผลิตของพวกเขา",
	"CONTACT__TITLE": "ติดต่อเรา",
	"CONTACT_FIRST_MSG": "สวัสดีฉันจะทำอะไรให้คุณได้บ้าง?",
	"CONTACT_TYPE_MSG": "โปรดป้อนข้อความ ...",
	"下線清單": "",
	"無下線": "",
	"MY_INFO_PAGE": "ข้อมูลของฉัน",
	"REGISTER_DATE": "วันที่ลงทะเบียน",
	"ARC_HAS_AUDIT": "ARC Audit Verified",
	"PHONE": "หมายเลขโทรศัพท์",
	"NAME": "ชื่อเต็ม",
	"GENDER": "เพศ",
	"BIRTHDAY": "วันเกิด",
	"NATIONALITY": "",
	"CONTACT_ADDRESS": "ที่อยู่ที่ติดต่อ",
	"ARC_NO": "หมายเลข ARC",
	"ARC_Date_of_Expiry": "ARC วันที่มีผล",
	"INTRODUCER_COMPANY": "แนะนำ บริษัท",
	"ARC_IMAGE": "ภาพ ARC",
	"HAND_SIGN_IMG": "Handwriting Picture",
	"INVITE_FRIENDS": "เชิญเพื่อน",
	"SHARE": "หุ้น",
	"sharetest": "",
	"SHARE OPT": "",
	"SETTINGS_TITLE": "จัดตั้งขึ้น",
	"MY_WALLET_PAGE": "กระเป๋าสตางค์อิเล็กทรอนิกส์",
	"TRANSMIT_SET_RECEIVERS_PAGE": "",
	"LOGOUT": "",
	"NOTIFICATIONS_TOGGLE": "ผลักดันการประกาศ",
	"匯款資料": "",
	"SETTINGS_OPTION2": "ตัวเลือก 2",
	"SETTINGS_OPTION3": "ตัวเลือก 3",
	"SETTINGS_PROFILE_BUTTON": "แก้ไขข้อมูล",
	"SETTINGS_OPTION4": "ตัวเลือก 4",
	"TRANSMIT_ADD_RECEIVERS_PAGE": "",
	"TRANSMIT_MONEY_REICEIVER": "ชื่อผู้รับเงิน",
	"TRANSMIT_MONEY_REICEIVER_PHONE": "โทรศัพท์ของผู้รับเงิน",
	"TRANSMIT_MONEY_REICEIVER_ADDRESS": "ที่อยู่ผู้รับเงิน",
	"TRANSMIT_MONEY_TARGET_BANK": "ธนาคารผู้รับประโยชน์",
	"SWIFT CODE": "",
	"TRANSMIT_MONEY_TARGET_BANK_ACCOUNT": "บัญชีธนาคารผู้รับ",
	"SUBMIT": "ยืนยันการส่ง",
	"WALLET_PAGE": "กระเป๋าสตางค์ของฉัน",
	"WELCOME_INTRO": "",
	"WALLET_HISTORY": "บันทึกกระเป๋าสตางค์แบบเสมือนจริง",
	"REGISTER_MEMBER_COUBON": "ส่วนลดการสมัครสมาชิกใหม่",
	"QUICKMEMBER_FILLIN_INFODATA": "กรอกข้อมูลในข้อเสนอ",
	"FAST_REGISTER_MEMBER_COUBON": "ส่วนลดการลงทะเบียนด่วน",
	"TRANSMIT_RATES_CALC": "การทดลองอัตราแลกเปลี่ยน",
	"TRANSMIT_APPLY": "สมัครรับเงิน",
	"UPDATE_PASSWORD": "เปลี่ยนรหัสผ่าน",
	"Female": "เพศหญิง",
	"Male": "ชาย",
	"ARC Upload": "",
	"ARC Update": "",
	"HAND_SIGN_UPLOAD": "",
	"HAND_SIGN_UPDATE": "",
	"SIGNUP_BUTTON": "การลงทะเบียน",
	"UPDATE_BUTTON": "ปรับปรุง",
	"TRANSMIT_CHECK_APPLY_INFO": "ยืนยันข้อมูลการโอนเงิน",
	"TRANSMIT_MONEY_TOTAL_AMOUNT": "จำนวนเงินที่ครบกำหนด",
	"TRANSMIT_MONEY_AMOUNT": "เปลี่ยนเงิน",
	"TRANSMIT_MONEY_TARGET_AMOUNT": "สกุลเงินส่งออก",
	"TRANSMIT_MONEY_FEE": "ค่าธรรมเนียมการโอนเงิน",
	"TRANSMIT_MONEY_APPLICANT": "ชื่อผู้โอนเงิน",
	"TRANSMIT_MONEY_TARGET_BANKID": "รหัสธนาคารผู้รับประโยชน์",
	"USERINFO_NO_FILL_TITLE": "",
	"USERINFO_NO_FILL_MESSAGE": "",
	"PLS_FILLIN_CORRECTLY": "โปรดกรอกข้อมูลอย่างถูกต้อง",
	"TRANSMIT_MONEY_TARGET_COIN": "",
	"TRANSMIT_MONEY_APPLICANT_COUNTRY": "สัญชาติของผู้สมัคร",
	"TRANSMIT_MONEY_APPLICANT_PHONE": "โทรศัพท์ของผู้สมัคร",
	"指定收款方式": "",
	"PLS_UPLOAD": "โปรดอัปโหลด",
	"TRANSMIT_STORE_PAY": "การชำระเงินธุรกิจที่ยอดเยี่ยม",
	"Rmittance vendor do not have payment Code, pls contact us": "",
	"WAITING_AUDIT_MSG": "กำลังรอการตรวจสอบข้อมูลการโอนเงิน",
	"BARCODE_NOTWORK_TIPS_1": "โปรดช่วยพนักงานเพื่อป้อนการชำระเงินด้วยรหัสบาร์โค้ดด้วยตนเอง",
	"BARCODE_NOTWORK_TIPS_2": "กรุณาโทรศัพท์ติดต่อสายด่วนลูกค้า:",
	"BARCODE_NOTWORK_TIPS_3": "\"Transfer To Book\" หรือ \"Interbank Transfer\" จากนั้นเลือก \"เลือกบัญชีที่ไม่ได้เป็นอนุสัญญา\" แล้วป้อนจำนวนเงินและ \"Account Number\" บัญชีดังนี้",
	"BARCODE_NOTWORK": "ไม่สามารถสแกนบาร์โค้ดได้หรือไม่?",
	"TRNASMITS_HISTORY_DETAIL": "รายละเอียดการโอนเงิน",
	"APPLY_DATE": "เวลาสมัคร",
	"交易手續費": "",
	"額外手續費": "",
	"TRANSMIT_HAVE_BEEN_PAID": "ไม่ว่าจะจ่ายเงิน",
	"TRANSMIT_STATUS": "สถานะการโอนเงิน",
	"DETAILS": "รายละเอียดการโอนเงิน：",
	"TRANSMIT_PAYMENT_BARCODE": "สร้างรหัสบาร์โค้ดการชำระเงิน",
	"TRNASMITS_HISTORY": "บันทึกการสมัคร",
	"TRANSMIT_RATES": "อัตราแลกเปลี่ยน",
	"TRANSMIT_APPLY_NOW": "สมัครตอนนี้",
	"SIGNATURE": "ลายเซ็น",
	"PLS_TOUCH_TO_SIGN": "โปรดใช้ลายเซ็นแบบสัมผัส",
	"CLEAR_BUTTON": "ชัดเจน",
	"NEXT_BUTTON": "ขั้นตอนถัดไป",
	"TRANSMIT_SUPPLIER": "ข้อมูลผู้ผลิต",
	"TRANSMIT_PROCEDURE": "ขั้นตอนการโอนเงิน",
	"TRANSMIT_SUPPLIER_LIST": "รายชื่อผู้ขายส่งเงิน",
	"TUTORIAL_SKIP_BUTTON": "",
	"TUTORIAL_SLIDE4_TITLE": "",
	"TUTORIAL_CONTINUE_BUTTON": "",
	"WELCOME_CHOOSE_LANG": "โปรดเลือกภาษา",
	"請輸入手機號碼": "",
	"LOGIN": "เข้าสู่ระบบ",
	"LOAN_CHECK_APPLY_INFO": "",
	"LOAN_MONEY_AMOUNT": "",
	"LOAN_PROGRAM": "",
	"APPLICANT": "",
	"APPLICANT_COUNTRY": "",
	"APPLICANT_PHONE": "",
	"LOAN_MONEY_APPLICANT": "",
	"LOAN_UPLOAD_HALFIMG": "",
	"手持證件半身照 Upload": "",
	"手持證件半身照 Update": "",
	"LOAN_APPLY": "",
	"LOAN_BANK": "",
	"LOAN_BANKID": "",
	"LOAN_BANKID_BRANCH": "",
	"LOAN_BANK_ACCOUNT": "",
	"LOAN_BANK_ACCOUNT_NAME": "",
	"Passport_Upload": "",
	"Passport_Update": "",
	"Half_Picture_Upload": "",
	"Half_Picture_Update": "",
	"LOAN_HISTORY_DETAIL": "",
	"LOAN_MONEY_APPLICANT_COUNTRY": "",
	"LOAN_MONEY_APPLICANT_PHONE": "",
	"LOAN_HAVE_BEEN_PAID": "",
	"LOAN_STATUS": "",
	"還款": "",
	"還款狀態": "",
	"LOAN_REPAYMENT_DETAIL": "",
	"LOAN_HISTORY": "",
	"LOAN_VENDOR": "",
	"貸款利率表": "",
	"LOAN_PROCEDURE": "",
	"LOAN_RATES_CALC": "",
	"門號開通": "",
	"選擇電信業者": "",
	"選擇開通門號": "",
	"Passport Number": "",
	"可開通門號": "",
	"資格審查": "",
	"申請人名稱": "",
	"Passport Upload": "",
	"Passport Update": "",
	"電信開通清單": "",
	"TRANSMIT_UPLOADED_RECEIPT": "Uploaded Payment Receipt",
	"WAITTING_AUDIT": "Waiting for review",
	"HAS_AUDIT": "Approved",
	"UPDATE_MEMBER_INFO": "แก้ไขข้อมูลการเป็นสมาชิก",
	"TRANSMIT_STATUS_CHECKING": "ระหว่างการตรวจสอบ",
	"TRANSMIT_STATUS_WAIT_PAYMENT": "กำลังรอการชำระเงินสำหรับผู้รับเงิน",
	"TRANSMIT_STATUS_PROCESSING": "การโอนเงิน",
	"TRANSMIT_STATUS_COMPLETE": "การโอนเงินเสร็จสิ้นแล้ว",
	"TRANSMIT_REUPLOAD_RECEIPT": "อัปโหลดใบเสร็จการชำระเงินใหม่",
	"TRANSMIT_UPLOAD_RECEIPT": "อัปโหลดใบเสร็จการชำระเงิน",
	"TRANSMIT_STATUS_NO_PAYMENT": "ยังไม่ได้ชำระเงิน",
	"TRANSMIT_HAVE_BEEN_PAID_YES": "ได้จ่ายเงินแล้ว",
	"TRANSMIT_HAVE_BEEN_PAID_NO": "ไม่ได้ชำระเงิน",
	"ARC_Upload": "อัปโหลดเอกสาร ARC แล้ว",
	"TRNASMITS_LIST": "ผู้ขายส่งเงิน",
	"MY_INFO": "การตั้งค่าของฉัน",
	"Address": "ที่อยู่",
	"Desc": "การแนะนำ",
	"Fax": "สายแฟกซ์",
	"Fee": "ค่าธรรมเนียมการโอนเงิน",
	"Mail": "ตู้จดหมาย",
	"Name": "ชื่อเต็ม",
	"Tel": "เบอร์โทรศัพท์ติดต่อ",
	"WebURL": "สถาน",
	"EMAIL": "ตู้จดหมาย",
	"SETTINGS_OPTION1": "ตัวเลือก 1",
	"SETTINGS_PAGE_PROFILE": "แก้ไขข้อมูล",
	"WELCOME_TITLE": "ยินดีต้อนรับ",
	"SIGNUP_TITLE": "การลงทะเบียน",
	"Choose Picture Source": "เลือกแหล่งภาพ",
	"NATIONALITY ": "สัญชาติ"
}