{
	"BACK_BUTTON_TEXT": "BACK",
	"LOGIN_ERROR": "Không thể đăng nhập. Vui lòng kiểm tra tài khoản của bạn và thử lại。",
	"LOGIN_SUCCESS": "Đăng nhập thành công",
	"PASSWORD_WRONG": "Mật khẩu sai",
	"PLS_CORRECT_PASSWORD": "Vui lòng nhập đúng mật khẩu",
	"REENTER": "Nhập lại",
	"SIGNUP": "Đăng ký",
	"SIGNUP_ASKS": "Chúng tôi thấy rằng bạn chưa phải là thành viên, đăng ký có thể được nhượng bộ nhiều hơn, bạn có muốn gia nhập thành viên?",
	"DONT_SIGNUP": "Không tham gia",
	"SIGNUP_NO_INFO": "Đăng ký, nhưng không điền thông tin",
	"TR_USERINFO_NOARC_TITLE": "ARC chưa được tải lên",
	"TR_USERINFO_NOARC_MESSAGE": "Nộp đơn xin chuyển tiền cần tài liệu ARC để gửi tiền một cách suôn sẻ, vui lòng tải lên các bức ảnh ARC của bạn, chúng tôi sẽ mở ngay khi có thể.",
	"CANCEL": "Hủy",
	"FILLIN_BUTTON": "Điền vào",
	"USER_PROMO_SHARE_MSG": "Ứng dụng IinTW là một trợ giúp tốt cho người dân Đông Nam Á để tích hợp các chức năng họ cần để sống ở Đài Loan và cung cấp các chức năng như thẻ điện thoại của Đài Loan, chuyển tiền quốc tế, vận chuyển quốc tế, tài chính vi mô và mua sắm trực tuyến! Chào mừng bạn đến với liên kết liên kết hoặc quét để tải về!",
	"SUCCESSED": "Thành công!!",
	"FAILED": "Không thành công",
	"SIGNUP_ERROR": "Không thể tạo một tài khoản. Vui lòng kiểm tra thông tin tài khoản của bạn và thử lại。",
	"PLS_WAITING": "Vui lòng đợi ...",
	"LOOK": "Xem",
	"GAIN_COUBON_20": "Giảm 20 nhân dân tệ",
	"GAIN_COUBON_20_DETAIL": "Xin chúc mừng về đăng ký của bạn, nếu bạn điền vào các thông tin cơ bản, bạn có thể nhận được 30 nhân dân tệ giảm giá! Tôi có thể hỏi ngay bây giờ xem có nên nhập \"ví\" xem không?",
	"GAIN_COUBON_30": "Giảm 30 NDT",
	"GAIN_COUBON_30_DETAIL": "Cảm ơn bạn đã làm việc chăm chỉ để điền vào các thông tin, bạn sẽ có được 30 nhân dân tệ thêm vàng!",
	"GAIN_COUBON_50": "Giảm giá 50 nhân dân tệ",
	"GAIN_COUBON_50_DETAIL": "Xin chúc mừng về đăng ký của bạn, miễn là các thành viên mới có đủ điều kiện giảm giá 50 nhân dân tệ, xin lỗi cho tôi liệu có nên nhập \"Ví điện tử\" xem nó?",
	"CHOOSE_PICTURE_SOURCE": "",
	"GALLERY": "Sách ảnh",
	"CAMERA": "Chụp ảnh",
	"SENDING": "Đã gửi",
	"APPLY_SUCCESSED": "Áp dụng thành công!",
	"TR_USERINFO_REVIEW_TITLE": "Đang đợi ARC xem xét",
	"TR_USERINFO_REVIEW_MESSAGE": "Lần đầu tiên bạn sử dụng chức năng chuyển tiền, để chuyển tiền thành công, chúng tôi sẽ xem xét và xác nhận thông tin của bạn là chính xác và sau đó mở ra để bạn chuyển tiền.",
	"OK": "",
	"UPLOAD": "Tải lên",
	"NO_RECEIVER_DATA": "",
	"TRANSMIT_CHOOSE_RECEIVER": "",
	"OK_BUTTON": "Xác nhận",
	"WARNING": "Cảnh báo",
	"PLS_SIGN": "Xin hãy ký!",
	"PLS_UPLOAD_ARC": "Vui lòng tải lên ID ARC",
	"SUCCESS_RECEIPT_UPLOADED": "Đã tải thành công biên lai!!",
	"ERROR": "Sai!",
	"NETWORK_ERROR_MESSAGE": "Lỗi mạng, hãy kiểm tra xem có mạng không dây hay không.",
	"NOT_MEMBER": "Không thành viên",
	"NOT_MEMBER_ASKS": "Bạn không phải là thành viên và không thể sử dụng chức năng này Bạn có muốn tham gia thành viên không?",
	"NO_BANK_DATA": "",
	"LOAN_CHOOSE_BANK": "",
	"CARDS_TITLE": "Xã hội",
	"ITEM_CREATE_TITLE": "",
	"CANCEL_BUTTON": "Hủy",
	"DONE_BUTTON": "Hoàn thành",
	"ITEM_CREATE_CHOOSE_IMAGE": "",
	"ITEM_NAME_PLACEHOLDER": "",
	"ITEM_ABOUT_PLACEHOLDER": "",
	"LIST_MASTER_TITLE": "",
	"DELETE_BUTTON": "Xóa",
	"LOGIN_TITLE": "Đăng nhập",
	"PHONE_NUMBER": "Số điện thoại",
	"PLS_ENTER_VALID_PHONENUM": "Vui lòng nhập đúng số điện thoại",
	"USERNAME": "Số tài khoản",
	"PASSWORD": "Mật mã",
	"AUTHENTICATING": "Xác minh",
	"LOGIN_BUTTON": "Đăng nhập",
	"SEARCH_TITLE": "Tìm kiếm",
	"SEARCH_PLACEHOLDER": "Tìm kiếm...",
	"SERVICES": "Mục dịch vụ",
	"TRANSMIT_SERVICE": "Chuyển tiền quốc tế",
	"LOAN_SERVICE": "Dịch vụ cho vay",
	"TELE_SERVICE": "Ứng dụng viễn thông",
	"FREIGHT": "Giao hàng",
	"SHOPPING_SERVICE": "Sản phẩm ưu đãi",
	"ELSE": "Khác",
	"BELONG_SUPPLIER_PAGE": "Nhà sản xuất của họ",
	"CONTACT__TITLE": "Liên hệ",
	"CONTACT_FIRST_MSG": "Xin chào, tôi có thể làm gì cho bạn?",
	"CONTACT_TYPE_MSG": "Vui lòng nhập thông báo ...",
	"下線清單": "",
	"無下線": "",
	"MY_INFO_PAGE": "Thông tin của tôi",
	"REGISTER_DATE": "Ngày đăng ký",
	"ARC_HAS_AUDIT": "ARC Audit Verified",
	"PHONE": "Số điện thoại",
	"NAME": "Tên",
	"GENDER": "Nam hay nữ",
	"BIRTHDAY": "Sinh nhật",
	"NATIONALITY": "",
	"CONTACT_ADDRESS": "Địa chỉ liên lạc",
	"ARC_NO": "Số ARC",
	"ARC_Date_of_Expiry": "Ngày có hiệu lực của ARC",
	"INTRODUCER_COMPANY": "Giới thiệu công ty",
	"ARC_IMAGE": "Ảnh ARC",
	"HAND_SIGN_IMG": "Handwriting Picture",
	"INVITE_FRIENDS": "Mời bạn bè",
	"SHARE": "Chia sẻ",
	"sharetest": "",
	"SHARE OPT": "",
	"SETTINGS_TITLE": "Thiết lập",
	"MY_WALLET_PAGE": "Ví điện tử",
	"TRANSMIT_SET_RECEIVERS_PAGE": "",
	"LOGOUT": "",
	"NOTIFICATIONS_TOGGLE": "Đẩy thông báo",
	"匯款資料": "",
	"SETTINGS_OPTION2": "Tùy chọn 2",
	"SETTINGS_OPTION3": "Tùy chọn 3",
	"SETTINGS_PROFILE_BUTTON": "Chỉnh sửa thông tin",
	"SETTINGS_OPTION4": "Tùy chọn 4",
	"TRANSMIT_ADD_RECEIVERS_PAGE": "",
	"TRANSMIT_MONEY_REICEIVER": "Tên người nhận thanh toán",
	"TRANSMIT_MONEY_REICEIVER_PHONE": "Điện thoại Payee",
	"TRANSMIT_MONEY_REICEIVER_ADDRESS": "Địa chỉ người nhận thanh toán",
	"TRANSMIT_MONEY_TARGET_BANK": "Ngân hàng thụ hưởng",
	"SWIFT CODE": "",
	"TRANSMIT_MONEY_TARGET_BANK_ACCOUNT": "Tài khoản ngân hàng nhận",
	"SUBMIT": "Xác nhận đã gửi",
	"WALLET_PAGE": "Ví của tôi",
	"WELCOME_INTRO": "",
	"WALLET_HISTORY": "Hồ sơ ví ảo",
	"REGISTER_MEMBER_COUBON": "Giảm giá thành viên mới",
	"QUICKMEMBER_FILLIN_INFODATA": "Thông tin đầy đủ Điền vào phiếu mua hàng",
	"FAST_REGISTER_MEMBER_COUBON": "Giảm giá nhanh",
	"TRANSMIT_RATES_CALC": "Thử nghiệm tỷ giá",
	"TRANSMIT_APPLY": "Đăng ký chuyển tiền",
	"UPDATE_PASSWORD": "Thay đổi mật khẩu",
	"Female": "Nữ",
	"Male": "Nam",
	"ARC Upload": "",
	"ARC Update": "",
	"HAND_SIGN_UPLOAD": "",
	"HAND_SIGN_UPDATE": "",
	"SIGNUP_BUTTON": "Đăng ký",
	"UPDATE_BUTTON": "Đã cập nhật",
	"TRANSMIT_CHECK_APPLY_INFO": "Xác nhận thông tin chuyển tiền",
	"TRANSMIT_MONEY_TOTAL_AMOUNT": "Số tiền đến hạn",
	"TRANSMIT_MONEY_AMOUNT": "Đổi tiền",
	"TRANSMIT_MONEY_TARGET_AMOUNT": "Tiền tệ xuất khẩu",
	"TRANSMIT_MONEY_FEE": "Phí chuyển tiền",
	"TRANSMIT_MONEY_APPLICANT": "Tên chuyển tiền",
	"TRANSMIT_MONEY_TARGET_BANKID": "Mã ngân hàng thụ hưởng",
	"USERINFO_NO_FILL_TITLE": "",
	"USERINFO_NO_FILL_MESSAGE": "",
	"PLS_FILLIN_CORRECTLY": "Vui lòng điền đúng",
	"TRANSMIT_MONEY_TARGET_COIN": "",
	"TRANSMIT_MONEY_APPLICANT_COUNTRY": "Quốc tịch của người nộp đơn",
	"TRANSMIT_MONEY_APPLICANT_PHONE": "Điện thoại của đương đơn",
	"指定收款方式": "",
	"PLS_UPLOAD": "Vui lòng tải lên",
	"TRANSMIT_STORE_PAY": "Thanh toán kinh doanh siêu",
	"Rmittance vendor do not have payment Code, pls contact us": "",
	"WAITING_AUDIT_MSG": "Đang chờ xem xét lại thông tin chuyển tiền",
	"BARCODE_NOTWORK_TIPS_1": "Hãy giúp nhân viên tự nhập mã thanh toán.",
	"BARCODE_NOTWORK_TIPS_2": "Vui lòng gọi đường dây nóng của khách hàng:",
	"BARCODE_NOTWORK_TIPS_3": "Vui lòng chuyển đến ATM và chọn \"Dịch vụ chuyển tiền\" Chọn \"Chuyển khoản\" hoặc \"Chuyển khoản liên ngân hàng\"  \"Chọn tài khoản không thỏa thuận\"  Nhập số tiền và số tài khoản. Tài khoản như sau:",
	"BARCODE_NOTWORK": "Không thể quét mã vạch?",
	"TRNASMITS_HISTORY_DETAIL": "Chi tiết chuyển tiền",
	"APPLY_DATE": "Thời gian nộp đơn",
	"交易手續費": "",
	"額外手續費": "",
	"TRANSMIT_HAVE_BEEN_PAID": "Phải trả",
	"TRANSMIT_STATUS": "Trạng thái chuyển tiền",
	"DETAILS": "Chi tiết chuyển tiền:",
	"TRANSMIT_PAYMENT_BARCODE": "Tạo mã thanh toán thanh toán",
	"TRNASMITS_HISTORY": "Hồ sơ đăng ký",
	"TRANSMIT_RATES": "Tỷ giá",
	"TRANSMIT_APPLY_NOW": "Nộp đơn xin chuyển tiền",
	"SIGNATURE": "Chữ ký",
	"PLS_TOUCH_TO_SIGN": "Hãy sử dụng chữ ký cảm ứng",
	"CLEAR_BUTTON": "Xóa",
	"NEXT_BUTTON": "Bước tiếp theo",
	"TRANSMIT_SUPPLIER": "Thông tin nhà sản xuất",
	"TRANSMIT_PROCEDURE": "Quá trình chuyển tiền",
	"TRANSMIT_SUPPLIER_LIST": "Danh sách nhà cung cấp chuyển tiền",
	"TUTORIAL_SKIP_BUTTON": "",
	"TUTORIAL_SLIDE4_TITLE": "",
	"TUTORIAL_CONTINUE_BUTTON": "",
	"WELCOME_CHOOSE_LANG": "Vui lòng chọn một ngôn ngữ",
	"請輸入手機號碼": "",
	"LOGIN": "Đăng nhập",
	"LOAN_CHECK_APPLY_INFO": "",
	"LOAN_MONEY_AMOUNT": "",
	"LOAN_PROGRAM": "",
	"APPLICANT": "",
	"APPLICANT_COUNTRY": "",
	"APPLICANT_PHONE": "",
	"LOAN_MONEY_APPLICANT": "",
	"LOAN_UPLOAD_HALFIMG": "",
	"手持證件半身照 Upload": "",
	"手持證件半身照 Update": "",
	"LOAN_APPLY": "",
	"LOAN_BANK": "",
	"LOAN_BANKID": "",
	"LOAN_BANKID_BRANCH": "",
	"LOAN_BANK_ACCOUNT": "",
	"LOAN_BANK_ACCOUNT_NAME": "",
	"Passport_Upload": "",
	"Passport_Update": "",
	"Half_Picture_Upload": "",
	"Half_Picture_Update": "",
	"LOAN_HISTORY_DETAIL": "",
	"LOAN_MONEY_APPLICANT_COUNTRY": "",
	"LOAN_MONEY_APPLICANT_PHONE": "",
	"LOAN_HAVE_BEEN_PAID": "",
	"LOAN_STATUS": "",
	"還款": "",
	"還款狀態": "",
	"LOAN_REPAYMENT_DETAIL": "",
	"LOAN_HISTORY": "",
	"LOAN_VENDOR": "",
	"貸款利率表": "",
	"LOAN_PROCEDURE": "",
	"LOAN_RATES_CALC": "",
	"門號開通": "",
	"選擇電信業者": "",
	"選擇開通門號": "",
	"Passport Number": "",
	"可開通門號": "",
	"資格審查": "",
	"申請人名稱": "",
	"Passport Upload": "",
	"Passport Update": "",
	"電信開通清單": "",
	"TRANSMIT_UPLOADED_RECEIPT": "Uploaded Payment Receipt",
	"WAITTING_AUDIT": "Waiting for review",
	"HAS_AUDIT": "Approved",
	"UPDATE_MEMBER_INFO": "Sửa đổi thông tin thành viên",
	"TRANSMIT_STATUS_CHECKING": "Đang xem xét",
	"TRANSMIT_STATUS_WAIT_PAYMENT": "Đang chờ thanh toán chuyển khoản",
	"TRANSMIT_STATUS_PROCESSING": "Xử lý tiền",
	"TRANSMIT_STATUS_COMPLETE": "Hoàn tiền",
	"TRANSMIT_REUPLOAD_RECEIPT": "Tải lại biên lai thanh toán",
	"TRANSMIT_UPLOAD_RECEIPT": "Tải lên biên lai thanh toán",
	"TRANSMIT_STATUS_NO_PAYMENT": "Chưa thanh toán",
	"TRANSMIT_HAVE_BEEN_PAID_YES": "Đã thanh toán",
	"TRANSMIT_HAVE_BEEN_PAID_NO": "Không trả tiền",
	"ARC_Upload": "Tài liệu ARC tải lên",
	"TRNASMITS_LIST": "Nhà cung cấp chuyển tiền",
	"MY_INFO": "Thiết lập của tôi",
	"Address": "Địa chỉ",
	"Desc": "Giới thiệu",
	"Fax": "Cuộc gọi fax",
	"Fee": "Phí chuyển tiền",
	"Mail": "Hộp thư",
	"Name": "Tên",
	"Tel": "Số điện thoại liên hệ",
	"WebURL": "Website",
	"EMAIL": "E-mail",
	"SETTINGS_OPTION1": "Tùy chọn 1",
	"SETTINGS_PAGE_PROFILE": "Chỉnh sửa thông tin",
	"WELCOME_TITLE": "Chào mừng",
	"SIGNUP_TITLE": "Đăng ký",
	"Choose Picture Source": "Chọn nguồn ảnh",
	"NATIONALITY ": "Quốc tịch"
}