{
	"BACK_BUTTON_TEXT": "BACK",
	"LOGIN_ERROR": "無法登錄。請檢查帳號然後重試。",
	"LOGIN_SUCCESS": "登入成功",
	"PASSWORD_WRONG": "密碼錯誤",
	"PLS_CORRECT_PASSWORD": "請輸入正確的密碼",
	"REENTER": "重新輸入",
	"SIGNUP": "註 冊",
	"SIGNUP_ASKS": "我們發現您尚未成為會員，註冊後將可能得到更多優惠，請問您是否要加入會員呢？",
	"DONT_SIGNUP": "不加入",
	"SIGNUP_NO_INFO": "註冊，但不填資料",
	"TR_USERINFO_NOARC_TITLE": "尚未上傳ARC",
	"TR_USERINFO_NOARC_MESSAGE": "申請匯款需要ARC證件才能順利匯款，請上傳您的ARC相片，我們審核後將會盡快開放您匯款。",
	"CANCEL": "取消",
	"FILLIN_BUTTON": "填寫",
	"USER_PROMO_SHARE_MSG": "IinTW app是針對東南亞人士整合了在台灣生活所需的功能於一身，提供申辦台灣電話卡、國際匯款、國際運輸、小額融資、線上購物等功能的好幫手！歡迎點擊連結或掃描連結下載！",
	"SUCCESSED": "成功！",
	"FAILED": "失敗",
	"SIGNUP_ERROR": "無法創建帳號。請檢查帳戶信息然後重試。",
	"PLS_WAITING": "請等待...",
	"LOOK": "查看",
	"GAIN_COUBON_20": "獲得20元優惠",
	"GAIN_COUBON_20_DETAIL": "恭喜您註冊成功，如果您填寫完基本資料，則可以再獲得30元優惠喔！請問現在是否進入「電子錢包」查看呢？",
	"GAIN_COUBON_30": "獲得30元優惠",
	"GAIN_COUBON_30_DETAIL": "感謝您辛苦地填寫資料，您又多獲得30元優惠金囉！",
	"GAIN_COUBON_50": "獲得50元優惠",
	"GAIN_COUBON_50_DETAIL": "恭喜您註冊成功，只要是新會員都能夠獲得50元優惠，請問是否進入「電子錢包」查看呢？",
	"CHOOSE_PICTURE_SOURCE": "Choose Picture Source",
	"GALLERY": "相簿",
	"CAMERA": "拍照",
	"SENDING": "送出中....",
	"APPLY_SUCCESSED": "成功申請！",
	"TR_USERINFO_REVIEW_TITLE": "等待ARC審核中",
	"TR_USERINFO_REVIEW_MESSAGE": "第一次使用匯款功能時，為能順利匯出款項，我們將會審核並確認您的資料是否正確無誤後再開放讓您進行匯款。",
	"OK": "",
	"UPLOAD": "上傳",
	"NO_RECEIVER_DATA": "",
	"TRANSMIT_CHOOSE_RECEIVER": "選擇受款人資料",
	"OK_BUTTON": "確認",
	"WARNING": "警告",
	"PLS_SIGN": "請簽名！",
	"PLS_UPLOAD_ARC": "請上傳ARC證件",
	"SUCCESS_RECEIPT_UPLOADED": "已經成功上傳收據！",
	"ERROR": "錯誤！",
	"NETWORK_ERROR_MESSAGE": "網路錯誤，請檢查是否有無線網路。",
	"NOT_MEMBER": "非會員",
	"NOT_MEMBER_ASKS": "您不是會員，無法使用此功能，請問是否要加入會員呢？",
	"NO_BANK_DATA": "",
	"LOAN_CHOOSE_BANK": "",
	"CARDS_TITLE": "社交",
	"ITEM_CREATE_TITLE": "",
	"CANCEL_BUTTON": "取 消",
	"DONE_BUTTON": "完 成",
	"ITEM_CREATE_CHOOSE_IMAGE": "",
	"ITEM_NAME_PLACEHOLDER": "",
	"ITEM_ABOUT_PLACEHOLDER": "",
	"LIST_MASTER_TITLE": "",
	"DELETE_BUTTON": "刪 除",
	"LOGIN_TITLE": "登錄",
	"PHONE_NUMBER": "手機號碼",
	"PLS_ENTER_VALID_PHONENUM": "請輸入正確的手機號碼",
	"USERNAME": "帳號",
	"PASSWORD": "密碼",
	"AUTHENTICATING": "驗證",
	"LOGIN_BUTTON": "登 錄",
	"SEARCH_TITLE": "搜索",
	"SEARCH_PLACEHOLDER": "搜尋...",
	"SERVICES": "服務項目",
	"TRANSMIT_SERVICE": "國際匯款",
	"LOAN_SERVICE": "貸款服務",
	"TELE_SERVICE": "電信申請",
	"FREIGHT": "貨物寄送",
	"SHOPPING_SERVICE": "優惠產品",
	"ELSE": "其他",
	"BELONG_SUPPLIER_PAGE": "所屬廠商",
	"CONTACT__TITLE": "聯絡我們",
	"CONTACT_FIRST_MSG": "您好，請問有什麼可以幫助您的呢？",
	"CONTACT_TYPE_MSG": "請輸入訊息...",
	"下線清單": "",
	"無下線": "",
	"MY_INFO_PAGE": "我的資料",
	"REGISTER_DATE": "註冊日期",
	"ARC_HAS_AUDIT": "ARC審核驗證",
	"PHONE": "手機門號",
	"NAME": "姓名",
	"GENDER": "性別",
	"BIRTHDAY": "生日",
	"NATIONALITY": "國籍",
	"CONTACT_ADDRESS": "聯絡地址",
	"ARC_NO": "ARC號碼",
	"ARC_Date_of_Expiry": "ARC有效日期",
	"INTRODUCER_COMPANY": "介紹公司",
	"ARC_IMAGE": "ARC 相片",
	"HAND_SIGN_IMG": "手寫照片",
	"INVITE_FRIENDS": "邀請朋友",
	"SHARE": "分享",
	"sharetest": "",
	"SHARE OPT": "",
	"SETTINGS_TITLE": "設置",
	"MY_WALLET_PAGE": "電子錢包",
	"TRANSMIT_SET_RECEIVERS_PAGE": "收款人紀錄",
	"LOGOUT": "登出",
	"NOTIFICATIONS_TOGGLE": "推播通知",
	"匯款資料": "",
	"SETTINGS_OPTION2": "選項 2",
	"SETTINGS_OPTION3": "選項 3",
	"SETTINGS_PROFILE_BUTTON": "編輯資料",
	"SETTINGS_OPTION4": "選項 4",
	"TRANSMIT_ADD_RECEIVERS_PAGE": "收款人增改",
	"TRANSMIT_MONEY_REICEIVER": "受款人姓名",
	"TRANSMIT_MONEY_REICEIVER_PHONE": "收款人電話",
	"TRANSMIT_MONEY_REICEIVER_ADDRESS": "收款人地址",
	"TRANSMIT_MONEY_TARGET_BANK": "受款銀行",
	"SWIFT CODE": "",
	"TRANSMIT_MONEY_TARGET_BANK_ACCOUNT": "受款銀行帳號",
	"SUBMIT": "確認送出",
	"WALLET_PAGE": "我的錢包",
	"WELCOME_INTRO": "",
	"WALLET_HISTORY": "錢包紀錄",
	"REGISTER_MEMBER_COUBON": "新會員註冊優惠",
	"QUICKMEMBER_FILLIN_INFODATA": "完整資料填寫優惠",
	"FAST_REGISTER_MEMBER_COUBON": "快速註冊優惠",
	"TRANSMIT_RATES_CALC": "匯率試算",
	"TRANSMIT_APPLY": "申請匯款",
	"UPDATE_PASSWORD": "修改密碼",
	"Female": "女性",
	"Male": "男性",
	"ARC Upload": "",
	"ARC Update": "",
	"HAND_SIGN_UPLOAD": "手寫簽名照片 上傳",
	"HAND_SIGN_UPDATE": "手寫簽名照片 修改",
	"SIGNUP_BUTTON": "註 冊",
	"UPDATE_BUTTON": "更新",
	"TRANSMIT_CHECK_APPLY_INFO": "確認匯款資訊",
	"TRANSMIT_MONEY_TOTAL_AMOUNT": "應繳金額",
	"TRANSMIT_MONEY_AMOUNT": "換款金",
	"TRANSMIT_MONEY_TARGET_AMOUNT": "匯出幣種",
	"TRANSMIT_MONEY_FEE": "匯款手續費",
	"TRANSMIT_MONEY_APPLICANT": "匯款人姓名",
	"TRANSMIT_MONEY_TARGET_BANKID": "受款銀行代碼",
	"USERINFO_NO_FILL_TITLE": "",
	"USERINFO_NO_FILL_MESSAGE": "",
	"PLS_FILLIN_CORRECTLY": "請填寫正確",
	"TRANSMIT_MONEY_TARGET_COIN": "匯款幣種",
	"TRANSMIT_MONEY_APPLICANT_COUNTRY": "申請人國籍",
	"TRANSMIT_MONEY_APPLICANT_PHONE": "申請人電話",
	"指定收款方式": "",
	"PLS_UPLOAD": "請上傳",
	"TRANSMIT_STORE_PAY": "超商繳費",
	"Rmittance vendor do not have payment Code, pls contact us": "",
	"WAITING_AUDIT_MSG": "等待匯款資料審核中",
	"BARCODE_NOTWORK_TIPS_1": "1. 請店員協助手動輸入條碼繳款。",
	"BARCODE_NOTWORK_TIPS_2": "2. 請撥打本公司客戶專線：",
	"BARCODE_NOTWORK_TIPS_3": "3. 請到ATM選擇【轉帳服務】選擇【轉入存簿】或【跨行轉帳】【選擇非約定帳號】輸入金額及【帳號】。帳號如下：",
	"BARCODE_NOTWORK": "條碼無法掃描？",
	"TRNASMITS_HISTORY_DETAIL": "匯款細節",
	"APPLY_DATE": "申請時間",
	"交易手續費": "",
	"額外手續費": "",
	"TRANSMIT_HAVE_BEEN_PAID": "是否繳費",
	"TRANSMIT_STATUS": "匯款狀態",
	"DETAILS": "匯款細節：",
	"TRANSMIT_PAYMENT_BARCODE": "產生繳款條碼",
	"TRNASMITS_HISTORY": "申請紀錄",
	"TRANSMIT_RATES": "匯率",
	"TRANSMIT_APPLY_NOW": "馬上申請匯款",
	"SIGNATURE": "簽名",
	"PLS_TOUCH_TO_SIGN": "請使用觸控方式簽名",
	"CLEAR_BUTTON": "清 除",
	"NEXT_BUTTON": "下一步",
	"TRANSMIT_SUPPLIER": "廠商資料",
	"TRANSMIT_PROCEDURE": "匯款流程",
	"TRANSMIT_SUPPLIER_LIST": "匯款廠商列表",
	"TUTORIAL_SKIP_BUTTON": "",
	"TUTORIAL_SLIDE4_TITLE": "",
	"TUTORIAL_CONTINUE_BUTTON": "",
	"WELCOME_CHOOSE_LANG": "請選擇語言",
	"請輸入手機號碼": "",
	"LOGIN": "登 錄",
	"LOAN_CHECK_APPLY_INFO": "貸款申請確認",
	"LOAN_MONEY_AMOUNT": "貸款總額",
	"LOAN_PROGRAM": "貸款方案",
	"APPLICANT": "",
	"APPLICANT_COUNTRY": "",
	"APPLICANT_PHONE": "",
	"LOAN_MONEY_APPLICANT": "貸款人",
	"LOAN_UPLOAD_HALFIMG": "",
	"手持證件半身照 Upload": "",
	"手持證件半身照 Update": "",
	"LOAN_APPLY": "貸款申請",
	"LOAN_BANK": "銀行名",
	"LOAN_BANKID": "銀行代碼",
	"LOAN_BANKID_BRANCH": "分行代碼",
	"LOAN_BANK_ACCOUNT": "帳戶代碼",
	"LOAN_BANK_ACCOUNT_NAME": "帳戶名",
	"Passport_Upload": "",
	"Passport_Update": "",
	"Half_Picture_Upload": "",
	"Half_Picture_Update": "",
	"LOAN_HISTORY_DETAIL": "貸款細節",
	"LOAN_MONEY_APPLICANT_COUNTRY": "貸款人國籍",
	"LOAN_MONEY_APPLICANT_PHONE": "貸款人電話",
	"LOAN_HAVE_BEEN_PAID": "",
	"LOAN_STATUS": "貸款狀態",
	"還款": "",
	"還款狀態": "",
	"LOAN_REPAYMENT_DETAIL": "還款狀態",
	"LOAN_HISTORY": "貸款紀錄",
	"LOAN_VENDOR": "貸款商",
	"貸款利率表": "",
	"LOAN_PROCEDURE": "貸款流程",
	"LOAN_RATES_CALC": "",
	"門號開通": "",
	"選擇電信業者": "",
	"選擇開通門號": "",
	"Passport Number": "",
	"可開通門號": "",
	"資格審查": "",
	"申請人名稱": "",
	"Passport Upload": "",
	"Passport Update": "",
	"電信開通清單": "",
	"LOAN_STATUS_WAIT_PROCCESS": "處理中",
	"LOAN_PROCESSING": "處理中",
	"LOAN_SENDED": "已審核通過",
	"PLS_UPLOAD_HALFIMG": "請上傳手持證件的半身照",
	"LOAN_TOTAL_AMOUNT": "貸款總額",
	"TRANSMIT_UPLOADED_RECEIPT": "已上傳繳款收據",
	"WAITTING_AUDIT": "等待審核",
	"HAS_AUDIT": "審核通過",
	"UPDATE_MEMBER_INFO": "修改會員資料",
	"TRANSMIT_STATUS_CHECKING": "審核中",
	"TRANSMIT_STATUS_WAIT_PAYMENT": "等待匯款人繳款",
	"TRANSMIT_STATUS_PROCESSING": "匯款處理中",
	"TRANSMIT_STATUS_COMPLETE": "匯款完成",
	"neutral": "中性",
	"TRANSMIT_REUPLOAD_RECEIPT": "重上傳繳費收據",
	"TRANSMIT_UPLOAD_RECEIPT": "上傳繳費收據",
	"TRANSMIT_STATUS_NO_PAYMENT": "未繳費",
	"TRANSMIT_HAVE_BEEN_PAID_YES": "已繳費",
	"TRANSMIT_HAVE_BEEN_PAID_NO": "未繳交",
	"ARC_Upload": "ARC 證件上傳",
	"TRNASMITS_LIST": "匯款廠商",
	"MY_INFO": "我的設定",
	"Address": "地址",
	"Desc": "介紹",
	"Fax": "傳真電話",
	"Fee": "匯款手續費",
	"Mail": "信箱",
	"Name": "姓名",
	"Tel": "聯絡電話",
	"WebURL": "網址",
	"EMAIL": "郵箱",
	"SETTINGS_OPTION1": "選項 1",
	"SETTINGS_PAGE_PROFILE": "編輯資料",
	"WELCOME_TITLE": "歡迎",
	"SIGNUP_TITLE": "註 冊"
}